{"cameraMode":{"drawMode":0,"name":"Shaded","section":"Shading Mode"},"sceneLighting":true,"audioPlay":false,"sceneViewState":{"showFog":false,"showMaterialUpdate":false,"showSkybox":false,"showFlares":false,"showImageEffects":false,"showParticleSystems":false},"in2DMode":false,"pivot":{"x":-2.933924913406372,"y":6.072169303894043,"z":2.8144850730895998},"rotation":{"x":0.006668161600828171,"y":-0.9749777317047119,"z":0.029563339427113534,"w":0.22037073969841004},"size":-0.8385552763938904,"orthographic":false}