{"cameraMode":{"drawMode":0,"name":"Shaded","section":"Shading Mode"},"sceneLighting":false,"audioPlay":false,"sceneViewState":{"showFog":true,"showMaterialUpdate":false,"showSkybox":false,"showFlares":true,"showImageEffects":true,"showParticleSystems":true},"in2DMode":false,"pivot":{"x":3.0,"y":0.7886693477630615,"z":4.900000095367432},"rotation":{"x":-0.28153178095817568,"y":-0.45080506801605227,"z":0.1522902548313141,"w":-0.8332808613777161},"size":1.9132874011993409,"orthographic":false}