{"cameraMode":{"drawMode":0,"name":"Shaded","section":"Shading Mode"},"sceneLighting":true,"audioPlay":false,"sceneViewState":{"showFog":false,"showMaterialUpdate":false,"showSkybox":false,"showFlares":false,"showImageEffects":false,"showParticleSystems":false},"in2DMode":false,"pivot":{"x":621.7772827148438,"y":400.15020751953127,"z":-426.067626953125},"rotation":{"x":-0.01377030462026596,"y":0.3466207981109619,"z":0.005116897635161877,"w":0.9379247426986694},"size":473.2004089355469,"orthographic":false}